ingr,Potassium,Copper,Dietary Fiber,Selenium,Phosphorus,Choline,Vitamin D,Folate,Cholesterol,Sodium,Niacin,carbohydrates,Thiamin,Zinc,Fat,Vitamin B12,Protein,Vitamin E,Vitamin B6,Vitamin A,Iron,Calcium,Saturated fat,Riboflavin,Vitamin C,Magnesium,Vitamin K
almond,748.0,0.934,10.3,2.4,508.0,52.1,0.0,53.0,0.0,227.0,3.16,18.8,0.041,3.29,55.5,0.0,21.0,24.2,0.103,0.0,3.49,347.0,6.55,0.939,0.0,279.0,0.0
amaretto,0.0,0.08,0.0,0.4,0.0,0.0,0.0,0.0,0.0,5.0,0.003,41.6,0.0,0.04,0.3,0.0,0.0,0.0,0.0,0.0,0.07,0.0,0.014,0.0,0.0,0.0,0.0
anchovy,544.0,0.339,0.0,68.1,252.0,85.0,1.7,13.0,85.0,3670.0,19.9,0.0,0.078,2.44,9.71,0.88,28.9,3.33,0.203,12.0,4.63,232.0,2.2,0.363,0.0,69.0,12.1
apple,81.0,0.046,1.5,4.7,31.0,5.6,0.1,24.0,0.0,167.0,0.917,30.7,0.092,0.22,3.54,0.0,2.09,0.38,0.042,29.0,0.74,48.0,0.687,0.065,2.2,8.0,3.6
apple juice,101.0,0.012,0.2,0.1,7.0,1.8,0.0,0.0,0.0,4.0,0.073,11.3,0.021,0.02,0.13,0.0,0.1,0.01,0.018,0.0,0.12,8.0,0.022,0.017,10.3,5.0,0.0
apricot,259.0,0.078,2.0,0.1,23.0,2.8,0.0,9.0,0.0,1.0,0.6,11.1,0.03,0.2,0.39,0.0,1.4,0.89,0.054,96.0,0.39,13.0,0.027,0.04,10.0,10.0,3.3
artichoke,120.0,0.041,0.9,4.4,88.0,24.1,0.1,18.0,39.0,601.0,0.205,5.47,0.024,0.53,33.1,0.2,3.65,1.27,0.049,62.0,0.24,101.0,8.27,0.1,2.0,13.0,56.6
arugula,369.0,0.076,1.6,0.3,52.0,15.3,0.0,97.0,0.0,27.0,0.305,3.65,0.044,0.47,0.66,0.0,2.58,0.43,0.073,119.0,1.46,160.0,0.086,0.086,15.0,47.0,109.0
asian pear,121.0,0.05,3.6,0.1,11.0,5.1,0.0,8.0,0.0,0.0,0.219,10.6,0.009,0.02,0.23,0.0,0.5,0.12,0.022,0.0,0.0,4.0,0.012,0.01,3.8,8.0,4.5
asparagus,202.0,0.189,2.1,2.3,52.0,16.0,0.0,52.0,0.0,2.0,0.978,3.88,0.143,0.54,0.12,0.0,2.2,1.13,0.091,38.0,2.14,24.0,0.04,0.141,5.6,14.0,41.6
aspen,17.0,0.002,0.0,0.0,8.0,0.0,0.0,0.0,0.0,3.0,0.0,0.73,0.0,0.01,0.0,0.0,0.17,0.0,0.0,0.0,0.0,4.0,0.0,0.0,0.0,4.0,0.0
avocado,58.0,0.01,0.1,1.6,31.0,3.6,0.0,4.0,40.0,867.0,0.14,7.36,0.02,0.25,43.3,0.26,1.9,4.6,0.01,10.0,0.35,34.0,5.98,0.05,0.2,7.0,96.7
bacon,178.0,0.084,2.2,17.0,463.0,12.2,0.1,106.0,14.0,1070.0,4.58,37.6,0.456,0.83,21.0,0.14,10.5,0.46,0.12,17.0,2.53,62.0,11.8,0.294,0.0,17.0,3.9
banana,536.0,0.205,7.7,1.5,56.0,21.3,0.0,14.0,0.0,6.0,0.71,58.4,0.085,0.75,33.6,0.0,2.3,0.24,0.26,4.0,1.25,18.0,29.0,0.017,6.3,76.0,1.3
barley,141.0,0.148,4.0,28.8,129.0,18.7,0.0,99.0,0.0,473.0,5.59,47.5,0.411,1.04,4.53,0.0,10.7,0.19,0.111,0.0,3.6,125.0,0.697,0.252,0.2,41.0,4.9
bean,368.0,0.196,4.9,7.7,105.0,16.3,0.0,21.0,0.0,443.0,0.43,15.9,0.09,0.69,3.7,0.0,5.44,0.91,0.115,0.0,1.6,26.0,0.529,0.1,0.6,40.0,1.7
beef,360.0,0.136,0.7,21.6,183.0,70.6,0.1,16.0,52.0,369.0,4.4,4.06,0.067,4.52,5.99,1.27,18.5,0.49,0.241,1.0,1.88,20.0,1.78,0.206,2.0,23.0,6.5
beef rib,274.0,0.105,1.4,6.3,86.0,36.7,0.1,12.0,26.0,238.0,1.49,15.6,0.064,2.2,5.68,0.86,9.13,0.34,0.189,19.0,1.38,22.0,2.52,0.096,4.8,21.0,17.3
beef shank,360.0,0.136,0.7,21.6,183.0,70.6,0.1,16.0,52.0,369.0,4.4,4.06,0.067,4.52,5.99,1.27,18.5,0.49,0.241,1.0,1.88,20.0,1.78,0.206,2.0,23.0,6.5
beef tenderloin,536.0,0.123,0.0,43.9,323.0,104.0,0.3,0.0,72.0,593.0,6.84,0.0,0.765,2.34,4.33,0.62,26.9,0.28,0.647,0.0,0.98,6.0,1.44,0.442,0.0,31.0,0.0
beer,27.0,0.005,0.0,0.6,14.0,10.1,0.0,6.0,0.0,4.0,0.513,3.55,0.005,0.01,0.0,0.02,0.46,0.0,0.046,0.0,0.02,4.0,0.0,0.025,0.0,6.0,0.0
beet,115.0,0.116,0.8,1.0,17.0,15.0,0.0,27.0,0.0,149.0,0.251,16.3,0.01,0.26,0.08,0.0,0.8,0.06,0.05,2.0,0.41,11.0,0.013,0.048,2.3,15.0,0.3
bell pepper,202.0,0.065,0.7,11.7,89.0,46.0,0.0,13.0,32.0,244.0,2.26,4.42,0.054,1.96,9.12,0.61,11.9,1.01,0.256,9.0,1.24,17.0,2.03,0.083,23.0,16.0,20.5
berry,130.0,0.051,2.1,0.3,20.0,5.8,0.0,19.0,0.0,1.0,0.396,9.72,0.028,0.15,0.31,0.0,0.69,0.37,0.048,2.0,0.37,13.0,0.019,0.028,44.1,11.0,7.3
biscuit,153.0,0.255,0.4,15.0,341.0,26.7,0.3,75.0,28.0,814.0,3.44,30.0,0.385,0.71,24.4,0.6,9.67,0.84,0.063,1.0,1.86,47.0,7.43,0.217,0.0,13.0,5.5
bitters,309.0,0.032,1.9,0.2,35.0,10.7,0.0,49.0,2.0,128.0,0.272,4.19,0.049,0.75,2.71,0.0,0.82,0.43,0.056,17.0,0.37,9.0,0.734,0.052,31.9,16.0,7.0
blackberry,162.0,0.165,5.3,0.4,22.0,8.5,0.0,25.0,0.0,1.0,0.646,9.61,0.02,0.53,0.49,0.0,1.39,1.17,0.03,11.0,0.62,29.0,0.014,0.026,21.0,20.0,19.8
blue cheese,256.0,0.04,0.0,14.5,387.0,15.4,0.5,36.0,75.0,1150.0,1.02,2.34,0.029,2.66,28.7,1.22,21.4,0.25,0.166,198.0,0.31,528.0,18.7,0.382,0.0,23.0,2.4
blueberry,77.0,0.057,2.4,0.1,12.0,6.0,0.0,6.0,0.0,1.0,0.418,14.5,0.037,0.16,0.33,0.0,0.74,0.57,0.052,3.0,0.28,6.0,0.028,0.041,9.7,6.0,19.3
bourbon,88.0,0.09,1.3,6.2,66.0,0.9,0.0,124.0,0.0,353.0,3.28,63.8,0.353,0.49,26.2,0.0,5.37,2.44,0.071,0.0,2.98,13.0,8.1,0.314,0.0,14.0,11.0
bran,160.0,0.216,3.8,31.8,122.0,26.5,0.0,171.0,0.0,458.0,4.47,44.6,0.463,1.05,6.0,0.01,9.6,0.07,0.092,0.0,3.95,95.0,1.39,0.31,0.0,44.0,3.1
brandy,2.0,0.021,0.0,0.0,4.0,0.0,0.0,0.0,0.0,1.0,0.013,0.0,0.006,0.04,0.0,0.0,0.0,0.0,0.001,0.0,0.04,0.0,0.0,0.004,0.0,0.0,0.0
bread,169.0,0.161,1.4,13.2,132.0,34.6,0.5,65.0,41.0,304.0,1.58,47.2,0.203,0.64,17.6,0.15,5.96,1.56,0.12,32.0,1.9,146.0,2.66,0.215,0.9,25.0,14.2
brie,152.0,0.019,0.0,14.5,188.0,15.4,0.5,65.0,100.0,629.0,0.38,0.45,0.07,2.38,27.7,1.65,20.8,0.24,0.235,174.0,0.5,184.0,17.4,0.52,0.0,20.0,2.3
brisket,257.0,0.107,0.0,23.1,214.0,101.0,0.3,7.0,92.0,387.0,3.34,0.0,0.069,5.91,19.4,2.43,26.6,0.19,0.268,0.0,2.51,7.0,7.47,0.198,0.0,21.0,1.8
broccoli,160.0,0.066,1.8,10.2,65.0,17.9,0.1,92.0,10.0,328.0,1.81,22.3,0.238,0.41,12.8,0.04,4.25,1.75,0.081,16.0,1.59,42.0,1.84,0.18,29.9,15.0,54.5
broccoli rabe,160.0,0.066,1.8,10.2,65.0,17.9,0.1,92.0,10.0,328.0,1.81,22.3,0.238,0.41,12.8,0.04,4.25,1.75,0.081,16.0,1.59,42.0,1.84,0.18,29.9,15.0,54.5
brown rice,347.0,0.202,4.2,3.0,104.0,23.2,0.0,46.0,0.0,214.0,1.09,24.2,0.133,1.05,4.49,0.0,6.52,1.05,0.098,0.0,2.29,52.0,0.688,0.052,0.0,51.0,6.6
brussel sprout,389.0,0.07,3.8,1.6,69.0,19.1,0.0,61.0,0.0,25.0,0.745,8.95,0.139,0.42,0.3,0.0,3.38,0.88,0.219,38.0,1.4,42.0,0.062,0.09,85.0,23.0,177.0
bulgur,65.0,0.07,4.2,0.6,38.0,7.1,0.2,17.0,0.0,249.0,0.93,17.3,0.053,0.53,4.17,0.0,2.87,1.4,0.324,54.0,0.89,11.0,0.836,0.028,0.0,30.0,7.1
butter,748.0,0.934,10.3,2.4,508.0,52.1,0.0,53.0,0.0,227.0,3.16,18.8,0.041,3.29,55.5,0.0,21.0,24.2,0.103,0.0,3.49,347.0,6.55,0.939,0.0,279.0,0.0
buttermilk,135.0,0.025,0.0,3.7,85.0,14.6,1.3,5.0,11.0,105.0,0.09,4.88,0.047,0.38,3.31,0.46,3.21,0.07,0.036,47.0,0.03,115.0,1.9,0.172,0.0,10.0,0.3
butternut squash,168.0,0.054,1.3,7.9,77.0,32.1,0.6,33.0,38.0,166.0,0.84,26.6,0.1,0.45,8.01,0.19,4.0,0.54,0.09,120.0,0.93,65.0,2.31,0.17,2.5,13.0,4.9
cabbage,243.0,0.017,2.1,0.6,30.0,17.1,0.0,18.0,0.0,27.0,0.418,7.37,0.064,0.22,0.16,0.0,1.43,0.11,0.209,56.0,0.8,45.0,0.021,0.069,57.0,16.0,38.2
cake,153.0,0.05,3.7,2.0,52.0,8.9,0.0,32.0,5.0,101.0,0.791,61.6,0.05,0.27,9.1,0.01,2.9,0.9,0.046,7.0,2.07,33.0,1.05,0.099,0.5,16.0,1.5
candy,5.0,0.029,0.0,0.6,3.0,0.0,0.0,0.0,0.0,38.0,0.007,98.0,0.004,0.01,0.2,0.0,0.0,0.0,0.003,0.0,0.3,3.0,0.0,0.003,0.0,3.0,0.0
cantaloupe,57.0,0.036,0.3,0.8,7.0,3.0,0.0,3.0,0.0,13.0,0.249,15.6,0.016,0.18,0.11,0.0,0.33,0.02,0.014,69.0,0.16,5.0,0.02,0.012,3.0,6.0,1.1
caramel,239.0,0.191,0.7,2.1,140.0,11.4,0.0,14.0,6.0,218.0,0.256,70.0,0.129,0.73,14.4,0.27,5.77,0.49,0.109,11.0,0.44,134.0,2.88,0.244,0.5,33.0,1.9
caraway,9.0,0.015,0.0,0.0,0.0,0.4,0.0,1.0,0.0,1.0,0.0,0.2,0.01,0.04,0.0,0.0,0.0,0.0,0.0,0.0,0.08,2.0,0.002,0.004,0.0,1.0,0.0
carrot,320.0,0.045,2.8,0.1,35.0,8.8,0.0,19.0,0.0,69.0,0.983,9.58,0.066,0.24,0.24,0.0,0.93,0.66,0.138,835.0,0.3,33.0,0.032,0.058,5.9,12.0,13.2
cashew,447.0,1.76,3.0,9.3,388.0,48.3,0.0,55.0,0.0,295.0,1.11,30.3,0.158,4.43,53.0,0.0,12.1,5.08,0.203,0.0,4.91,61.0,10.6,0.159,0.0,206.0,30.3
cauliflower,153.0,0.062,1.6,9.5,57.0,28.0,0.1,90.0,10.0,327.0,1.76,21.7,0.231,0.36,12.7,0.04,3.9,1.48,0.084,4.0,1.46,32.0,1.85,0.159,16.1,13.0,20.5
caviar,181.0,0.11,0.0,65.5,356.0,491.0,2.9,50.0,588.0,1500.0,0.12,4.0,0.19,0.95,17.9,20.0,24.6,1.89,0.32,271.0,11.9,275.0,4.06,0.62,0.0,300.0,0.6
celery,260.0,0.035,1.6,0.4,24.0,6.1,0.0,36.0,0.0,80.0,0.32,2.97,0.021,0.13,0.17,0.0,0.69,0.27,0.074,22.0,0.2,40.0,0.042,0.057,3.1,11.0,29.3
champagne,83.0,0.038,0.1,0.2,11.0,3.0,0.0,7.0,0.0,4.0,0.134,12.2,0.024,0.1,0.08,0.0,0.16,0.01,0.055,0.0,0.25,8.0,0.005,0.017,4.0,8.0,0.1
chard,395.0,0.186,1.7,0.9,48.0,19.0,0.0,11.0,2.0,353.0,0.396,3.9,0.038,0.38,2.94,0.0,1.88,2.28,0.116,314.0,1.88,54.0,0.806,0.089,21.9,84.0,866.0
chartreuse,0.0,0.08,0.0,0.4,0.0,0.0,0.0,0.0,0.0,5.0,0.003,41.6,0.0,0.04,0.3,0.0,0.0,0.0,0.0,0.0,0.07,0.0,0.014,0.0,0.0,0.0,0.0
cheddar,77.0,0.033,0.0,28.3,458.0,16.5,0.6,21.0,100.0,654.0,0.052,2.44,0.029,3.67,34.0,1.06,23.3,0.75,0.069,316.0,0.16,707.0,19.2,0.441,0.0,27.0,2.4
cheese,295.0,0.027,0.0,16.2,768.0,35.8,6.5,18.0,78.0,1280.0,0.17,8.85,0.04,2.21,23.1,1.52,16.1,0.84,0.124,270.0,0.95,1380.0,12.9,0.425,0.0,34.0,3.1
cherry,222.0,0.06,2.1,0.0,21.0,6.1,0.0,4.0,0.0,0.0,0.154,16.0,0.027,0.07,0.2,0.0,1.06,0.07,0.049,3.0,0.36,13.0,0.038,0.033,7.0,11.0,2.1
chestnut,592.0,0.507,5.1,1.2,107.0,1.5,0.0,70.0,0.0,2.0,1.34,53.0,0.243,0.57,2.2,0.0,3.17,0.5,0.497,1.0,0.91,29.0,0.414,0.175,26.0,33.0,7.8
chicken,278.0,0.064,0.0,23.9,236.0,66.1,0.0,8.0,112.0,499.0,7.57,0.0,0.07,1.6,6.33,0.36,26.7,0.41,0.246,8.0,0.73,15.0,1.57,0.181,0.0,23.0,0.0
chickpea,270.0,0.327,7.1,3.4,156.0,39.8,0.0,152.0,0.0,222.0,0.464,25.5,0.102,1.42,8.91,0.0,8.23,1.09,0.123,1.0,2.7,46.0,1.14,0.056,1.1,45.0,11.4
chile pepper,196.0,0.084,1.1,13.0,190.0,69.1,0.7,25.0,116.0,302.0,0.636,6.35,0.059,1.28,16.9,0.31,10.9,1.49,0.163,105.0,1.16,228.0,6.91,0.257,30.1,19.0,11.5
chili,260.0,0.094,3.0,8.0,237.0,18.3,0.1,19.0,32.0,453.0,0.397,23.0,0.063,2.23,14.2,0.13,10.1,1.24,0.125,79.0,2.28,206.0,5.51,0.172,0.9,50.0,6.2
chive,296.0,0.157,2.5,0.9,58.0,5.2,0.0,105.0,0.0,3.0,0.647,4.35,0.078,0.56,0.73,0.0,3.27,0.21,0.138,218.0,1.6,92.0,0.146,0.115,58.1,42.0,213.0
chocolate,239.0,0.359,3.9,8.5,255.0,29.5,0.0,109.0,7.0,388.0,2.3,51.0,0.294,0.88,22.7,0.04,5.42,1.78,0.046,3.0,3.06,39.0,9.79,0.24,0.0,50.0,7.4
cilantro,521.0,0.225,2.8,0.9,48.0,12.8,0.0,62.0,0.0,46.0,1.11,3.67,0.067,0.5,0.52,0.0,2.13,2.5,0.149,337.0,1.77,67.0,0.014,0.162,27.0,26.0,310.0
cinco de mayo,157.0,0.047,1.1,0.1,19.0,4.7,0.0,12.0,0.0,443.0,0.407,3.7,0.028,0.13,0.14,0.0,0.71,0.32,0.091,25.0,0.23,11.0,0.023,0.02,10.8,9.0,6.9
cinnamon,74.0,0.064,3.5,12.3,57.0,2.7,0.0,81.0,0.0,388.0,2.82,44.4,0.317,0.49,5.29,0.05,7.05,0.5,0.027,0.0,2.54,71.0,0.0,0.12,0.0,11.0,9.5
citrus,121.0,0.022,0.2,0.1,13.0,5.1,0.0,13.0,0.0,7.0,0.168,6.88,0.037,0.06,0.31,0.0,0.46,0.16,0.011,4.0,0.07,11.0,0.037,0.015,25.7,8.0,0.0
clam,159.0,0.068,1.2,16.6,101.0,35.1,0.1,19.0,16.0,326.0,1.07,9.83,0.097,0.49,4.72,4.42,8.73,0.74,0.103,69.0,1.19,43.0,1.08,0.072,14.7,18.0,9.6
coconut,19.0,0.0,0.0,0.0,0.0,0.0,1.0,0.0,0.0,19.0,0.0,2.92,0.0,0.0,2.08,0.63,0.21,0.0,0.0,63.0,0.3,188.0,2.08,0.0,0.0,0.0,0.0
cod,11.0,0.013,0.0,0.2,2.0,0.8,0.0,0.0,0.0,2.0,0.034,10.2,0.001,0.03,0.08,0.0,0.0,0.17,0.0,0.0,0.08,2.0,0.007,0.001,31.8,1.0,0.8
coffee,39.0,0.007,0.0,0.2,7.0,2.8,0.1,2.0,7.0,3.0,0.135,2.03,0.012,0.04,2.41,0.01,0.27,0.07,0.003,27.0,0.02,6.0,1.53,0.064,0.0,2.0,0.3
cognac,2.0,0.021,0.0,0.0,4.0,0.0,0.0,0.0,0.0,1.0,0.013,0.0,0.006,0.04,0.0,0.0,0.0,0.0,0.001,0.0,0.04,0.0,0.0,0.004,0.0,0.0,0.0
collard greens,213.0,0.046,4.0,1.3,25.0,23.2,0.0,129.0,0.0,17.0,0.742,5.42,0.054,0.21,0.61,0.0,3.02,2.26,0.165,251.0,0.47,232.0,0.055,0.13,35.3,27.0,437.0
cookies,83.0,0.086,1.4,21.9,206.0,31.6,0.2,105.0,42.0,263.0,2.65,66.4,0.314,0.5,8.09,0.09,7.38,0.95,0.039,18.0,2.68,111.0,1.3,0.308,0.4,14.0,7.6
coriander,521.0,0.225,2.8,0.9,48.0,12.8,0.0,62.0,0.0,46.0,1.11,3.67,0.067,0.5,0.52,0.0,2.13,2.5,0.149,337.0,1.77,67.0,0.014,0.162,27.0,26.0,310.0
corn,16.0,0.017,0.5,1.2,11.0,1.0,0.0,28.0,0.0,135.0,0.529,9.4,0.052,0.09,0.21,0.0,0.84,0.01,0.019,1.0,0.49,3.0,0.026,0.041,0.0,5.0,0.0
cornmeal,74.0,0.012,0.2,1.2,51.0,7.6,0.5,3.0,5.0,18.0,0.22,16.3,0.046,0.24,1.54,0.22,1.7,0.03,0.039,14.0,0.17,59.0,0.819,0.075,0.0,9.0,0.1
cottage cheese,116.0,0.036,0.2,12.5,127.0,14.4,0.0,9.0,10.0,273.0,0.131,4.94,0.019,0.53,1.96,0.36,9.41,0.13,0.056,61.0,0.15,88.0,1.07,0.201,0.3,9.0,0.4
couscous,58.0,0.041,1.4,27.4,22.0,3.3,0.0,15.0,0.0,189.0,0.978,23.1,0.063,0.26,0.16,0.0,3.77,0.13,0.051,0.0,0.38,8.0,0.029,0.027,0.0,8.0,0.1
crab,115.0,0.029,0.6,11.5,149.0,15.4,0.0,11.0,19.0,526.0,0.384,8.58,0.023,0.23,16.3,0.3,4.12,0.86,0.085,9.0,0.29,18.0,2.62,0.057,3.1,24.0,41.9
cranberry,49.0,0.063,5.3,0.6,8.0,8.3,0.0,0.0,0.0,5.0,0.548,82.8,0.013,0.1,1.09,0.0,0.17,2.1,0.038,2.0,0.39,9.0,0.088,0.028,0.2,4.0,7.6
cranberry sauce,28.0,0.026,1.1,0.4,4.0,3.8,0.0,1.0,0.0,5.0,0.1,40.4,0.015,0.03,0.15,0.0,0.9,0.93,0.014,2.0,0.41,3.0,0.007,0.021,1.0,2.0,1.4
cream cheese,247.0,0.032,0.0,4.0,152.0,12.1,0.3,19.0,54.0,359.0,0.125,8.13,0.04,0.57,15.3,0.92,7.85,0.27,0.045,161.0,0.17,148.0,9.1,0.185,0.0,8.0,1.1
cr√©me de cacao,157.0,0.047,1.1,0.1,19.0,4.7,0.0,12.0,0.0,443.0,0.407,3.7,0.028,0.13,0.14,0.0,0.71,0.32,0.091,25.0,0.23,11.0,0.023,0.02,10.8,9.0,6.9
cucumber,123.0,0.031,0.5,0.3,20.0,4.3,0.0,6.0,0.0,236.0,0.072,7.2,0.021,0.15,0.09,0.0,0.52,0.02,0.037,3.0,0.24,14.0,0.027,0.024,2.5,10.0,10.0
currant,777.0,0.298,4.4,0.7,99.0,10.6,0.0,10.0,0.0,43.0,1.62,77.0,0.16,0.37,0.22,0.0,3.43,0.11,0.296,4.0,1.88,88.0,0.085,0.142,4.7,36.0,3.3
curry,288.0,0.095,1.4,7.3,76.0,29.5,0.0,15.0,20.0,359.0,1.44,6.46,0.049,1.84,6.53,0.54,7.56,1.07,0.201,46.0,1.17,20.0,1.8,0.091,8.6,17.0,9.7
custard,160.0,0.014,0.0,7.1,124.0,53.3,1.3,7.0,73.0,86.0,0.107,11.0,0.043,0.6,3.43,0.39,5.11,0.21,0.068,79.0,0.31,119.0,1.56,0.197,0.0,13.0,0.2
dill,112.0,0.026,1.0,0.0,16.0,3.4,0.0,8.0,0.0,808.0,0.109,1.99,0.047,0.11,0.43,0.0,0.48,0.12,0.034,4.0,0.23,54.0,0.079,0.057,2.1,7.0,16.8
dried fruit,531.0,0.219,4.8,0.9,64.0,11.8,0.0,10.0,0.0,32.0,1.01,78.6,0.065,0.28,0.62,0.0,2.28,1.52,0.146,25.0,1.3,39.0,0.104,0.087,5.5,24.0,5.7
duck,87.0,0.037,0.6,1.3,9.0,1.7,0.0,2.0,0.0,712.0,0.239,60.7,0.023,0.21,0.13,0.0,0.36,0.2,0.032,8.0,0.39,11.0,0.051,0.014,0.9,5.0,0.3
egg,327.0,0.067,0.6,30.5,189.0,158.0,1.2,41.0,256.0,492.0,3.23,8.63,0.256,1.21,21.6,0.49,13.8,1.27,0.155,214.0,1.57,61.0,11.2,0.262,1.4,15.0,3.5
egg nog,327.0,0.067,0.6,30.5,189.0,158.0,1.2,41.0,256.0,492.0,3.23,8.63,0.256,1.21,21.6,0.49,13.8,1.27,0.155,214.0,1.57,61.0,11.2,0.262,1.4,15.0,3.5
eggplant,265.0,0.387,4.0,7.3,167.0,11.0,0.0,37.0,0.0,219.0,1.55,9.63,0.275,1.07,13.2,0.0,4.25,0.62,0.106,7.0,2.08,97.0,1.86,0.123,7.4,30.0,24.8
endive,238.0,0.084,2.7,0.2,22.0,15.1,0.0,76.0,2.0,140.0,0.302,2.98,0.057,0.67,2.71,0.0,1.12,0.68,0.032,102.0,0.7,45.0,0.762,0.06,3.2,13.0,208.0
escarole,238.0,0.084,2.7,0.2,22.0,15.1,0.0,76.0,2.0,140.0,0.302,2.98,0.057,0.67,2.71,0.0,1.12,0.68,0.032,102.0,0.7,45.0,0.762,0.06,3.2,13.0,208.0
fennel,472.0,0.075,3.5,0.8,57.0,15.3,0.0,26.0,2.0,203.0,0.693,8.32,0.01,0.23,3.21,0.0,1.42,1.01,0.067,65.0,0.84,56.0,0.951,0.035,11.6,19.0,74.3
feta,62.0,0.032,0.0,15.0,337.0,15.4,0.4,32.0,89.0,1140.0,0.991,3.88,0.154,2.88,21.5,1.69,14.2,0.18,0.424,125.0,0.65,493.0,13.3,0.844,0.0,19.0,1.8
fish,432.0,0.035,1.1,23.3,183.0,68.5,0.8,17.0,59.0,282.0,2.05,10.3,0.109,0.57,13.1,0.65,13.9,1.21,0.201,45.0,0.7,33.0,4.03,0.132,0.5,30.0,6.3
flat bread,120.0,0.168,2.2,27.1,97.0,14.6,0.0,165.0,0.0,536.0,4.63,55.7,0.599,0.84,1.2,0.0,9.1,0.3,0.034,0.0,2.62,86.0,0.166,0.327,0.0,26.0,0.2
fortified wine,150.0,0.001,0.0,1.9,101.0,17.8,1.1,0.0,12.0,38.0,0.105,4.67,0.056,0.41,3.2,0.54,3.28,0.05,0.061,32.0,0.0,123.0,1.86,0.138,0.0,12.0,0.3
fritter,171.0,0.09,2.2,19.7,156.0,57.8,0.6,99.0,63.0,502.0,2.74,40.8,0.279,0.76,22.5,0.19,8.25,1.48,0.071,45.0,2.53,132.0,5.78,0.329,0.7,21.0,11.0
fruit juice,0.0,0.0,0.0,0.0,0.0,0.0,0.0,0.0,0.0,13.0,0.0,2.5,0.0,0.0,0.0,0.0,0.0,0.0,0.0,0.0,0.0,0.0,0.0,0.0,0.0,0.0,0.0
gin,2.0,0.021,0.0,0.0,4.0,0.0,0.0,0.0,0.0,1.0,0.013,0.0,0.006,0.04,0.0,0.0,0.0,0.0,0.001,0.0,0.04,0.0,0.0,0.004,0.0,0.0,0.0
ginger,36.0,0.018,2.6,0.4,2.0,10.5,0.0,1.0,0.0,906.0,0.022,4.83,0.02,0.04,0.1,0.0,0.33,0.18,0.037,0.0,0.28,74.0,0.037,0.015,0.0,4.0,2.2
goat cheese,158.0,0.564,0.0,3.8,375.0,15.4,0.5,2.0,79.0,415.0,1.15,0.12,0.072,0.66,29.8,0.22,21.6,0.26,0.06,407.0,1.62,298.0,20.6,0.676,0.0,29.0,2.5
goose,197.0,0.058,0.0,34.4,194.0,197.0,1.6,53.0,798.0,258.0,0.16,1.27,0.11,1.24,18.1,3.81,12.9,1.87,0.246,198.0,3.4,57.0,4.97,0.339,0.0,15.0,5.6
gouda,121.0,0.036,0.0,14.5,546.0,15.4,0.5,21.0,114.0,819.0,0.063,2.22,0.03,3.9,27.4,1.54,24.9,0.24,0.08,165.0,0.24,700.0,17.6,0.334,0.0,29.0,2.3
granola,326.0,0.36,3.1,16.0,277.0,27.6,0.0,81.0,0.0,251.0,1.75,66.7,0.28,1.6,17.6,0.0,9.8,0.82,0.35,8.0,3.18,60.0,12.7,0.11,1.0,101.0,15.9
grape,191.0,0.127,0.9,0.1,20.0,5.6,0.0,2.0,0.0,2.0,0.188,18.1,0.069,0.07,0.16,0.0,0.72,0.19,0.086,3.0,0.36,10.0,0.054,0.07,3.2,7.0,14.6
grapefruit,135.0,0.032,1.6,0.1,18.0,7.7,0.0,13.0,0.0,0.0,0.204,10.7,0.043,0.07,0.14,0.0,0.77,0.13,0.053,58.0,0.08,22.0,0.021,0.031,31.2,9.0,0.0
green bean,159.0,0.046,1.8,1.6,42.0,13.3,0.2,17.0,1.0,320.0,0.521,6.8,0.05,0.22,2.16,0.04,1.88,0.4,0.081,26.0,0.64,40.0,0.495,0.077,5.8,16.0,30.8
green onion,276.0,0.083,2.6,0.6,37.0,5.7,0.0,64.0,0.0,16.0,0.525,7.34,0.055,0.39,0.19,0.0,1.83,0.55,0.061,50.0,1.48,72.0,0.032,0.08,18.8,20.0,207.0
ground beef,302.0,0.08,0.0,21.3,192.0,80.2,0.0,10.0,87.0,396.0,5.07,0.0,0.047,6.2,16.8,2.7,25.5,0.12,0.364,3.0,2.47,24.0,6.45,0.175,0.0,20.0,1.7
ground lamb,336.0,0.127,0.0,27.5,199.0,92.6,0.1,19.0,96.0,403.0,6.64,0.0,0.099,4.63,19.5,2.59,24.5,0.14,0.139,0.0,1.78,22.0,8.05,0.248,0.0,24.0,5.3
guava,33.0,0.025,1.2,0.1,3.0,1.1,0.0,4.0,0.0,6.0,0.17,13.3,0.005,0.02,0.07,0.0,0.3,0.06,0.009,2.0,0.54,8.0,0.023,0.005,21.3,2.0,1.0
halibut,435.0,0.023,0.0,45.6,236.0,61.8,4.7,12.0,49.0,68.0,6.51,0.0,0.05,0.36,1.33,1.1,18.6,0.61,0.548,20.0,0.16,7.0,0.292,0.03,0.0,23.0,0.0
ham,174.0,0.032,0.7,17.1,490.0,40.8,0.3,53.0,22.0,974.0,3.08,38.8,0.45,1.46,16.3,0.03,11.8,1.23,0.12,27.0,2.41,142.0,10.1,0.28,0.1,20.0,5.7
hazelnut,680.0,1.72,9.7,2.4,290.0,45.6,0.0,113.0,0.0,0.0,1.8,16.7,0.643,2.45,60.8,0.0,15.0,15.0,0.563,1.0,4.7,114.0,4.46,0.113,6.3,163.0,14.2
honey,52.0,0.036,0.2,0.8,4.0,2.2,0.0,2.0,0.0,4.0,0.121,82.4,0.0,0.22,0.0,0.0,0.3,0.0,0.024,0.0,0.42,6.0,0.0,0.038,0.5,2.0,0.0
honeydew,228.0,0.024,0.8,0.7,11.0,7.6,0.0,19.0,0.0,18.0,0.418,9.09,0.038,0.09,0.14,0.0,0.54,0.02,0.088,3.0,0.17,6.0,0.038,0.012,18.0,10.0,2.9
horseradish,246.0,0.058,3.3,2.8,31.0,6.5,0.0,57.0,0.0,420.0,0.386,11.3,0.008,0.83,0.69,0.0,1.18,0.01,0.073,0.0,0.42,56.0,0.09,0.024,24.9,27.0,1.3
hot pepper,113.0,0.045,2.6,0.4,13.0,8.9,0.0,13.0,0.0,1430.0,0.343,4.56,0.037,0.09,0.4,0.0,0.8,0.9,0.105,43.0,0.32,61.0,0.061,0.023,12.3,6.0,21.9
hummus,252.0,0.505,5.9,8.7,234.0,28.5,0.0,112.0,0.0,471.0,1.37,19.6,0.301,1.74,17.7,0.0,8.1,1.13,0.125,4.0,3.32,111.0,2.4,0.129,6.3,46.0,5.9
ice cream,126.0,0.028,0.5,3.6,124.0,43.5,0.3,22.0,60.0,174.0,0.308,39.9,0.07,0.47,14.5,0.27,3.24,0.74,0.046,75.0,0.58,95.0,4.86,0.155,0.3,10.0,3.6
iced coffee,38.0,0.004,0.0,0.0,2.0,2.0,0.0,2.0,0.0,2.0,0.146,0.0,0.011,0.02,0.02,0.0,0.09,0.01,0.001,0.0,0.01,2.0,0.002,0.058,0.0,3.0,0.1
iced tea,12.0,0.005,0.0,0.0,31.0,0.0,0.0,0.0,0.0,21.0,0.0,6.2,0.0,0.01,0.22,0.0,0.0,0.0,0.0,0.0,0.0,1.0,0.0,0.0,0.0,0.0,0.0
jam,77.0,0.1,1.1,2.0,19.0,10.2,0.0,11.0,0.0,32.0,0.036,68.9,0.016,0.06,0.07,0.0,0.37,0.12,0.02,0.0,0.49,20.0,0.01,0.076,8.8,4.0,0.0
jerusalem artichoke,120.0,0.041,0.9,4.4,88.0,24.1,0.1,18.0,39.0,601.0,0.205,5.47,0.024,0.53,33.1,0.2,3.65,1.27,0.049,62.0,0.24,101.0,8.27,0.1,2.0,13.0,56.6
kale,348.0,0.053,4.1,0.9,55.0,0.5,0.0,62.0,0.0,53.0,1.18,4.42,0.113,0.39,1.49,0.0,2.92,0.66,0.147,241.0,1.6,254.0,0.178,0.347,93.4,33.0,390.0
kiwi,198.0,0.134,3.0,0.2,34.0,7.8,0.0,26.0,0.0,5.0,0.37,14.0,0.027,0.14,0.44,0.0,1.06,1.3,0.061,4.0,0.24,35.0,0.029,0.025,74.7,16.0,40.3
kumquat,186.0,0.095,6.5,0.0,19.0,8.4,0.0,17.0,0.0,10.0,0.429,15.9,0.037,0.17,0.86,0.0,1.88,0.15,0.036,15.0,0.86,62.0,0.103,0.09,43.9,20.0,0.0
lamb,255.0,0.122,0.0,30.3,165.0,109.0,0.1,17.0,105.0,394.0,5.42,0.0,0.05,7.63,13.4,2.26,28.1,0.18,0.099,0.0,2.12,20.0,5.58,0.188,0.0,22.0,4.3
lamb chop,324.0,0.129,0.0,27.2,194.0,93.0,0.1,18.0,99.0,399.0,7.04,0.0,0.099,3.45,22.9,2.45,25.0,0.13,0.129,0.0,1.8,20.0,9.75,0.248,0.0,24.0,4.8
lamb shank,255.0,0.122,0.0,30.3,165.0,109.0,0.1,17.0,105.0,394.0,5.42,0.0,0.05,7.63,13.4,2.26,28.1,0.18,0.099,0.0,2.12,20.0,5.58,0.188,0.0,22.0,4.3
leek,188.0,0.125,1.9,1.1,37.0,10.1,0.0,57.0,2.0,152.0,0.396,14.7,0.056,0.13,3.04,0.0,1.57,1.27,0.236,94.0,2.19,62.0,0.817,0.03,10.6,29.0,51.4
lemon,138.0,0.037,2.8,0.4,16.0,5.1,0.0,11.0,0.0,2.0,0.1,9.32,0.04,0.06,0.3,0.0,1.1,0.15,0.08,1.0,0.6,26.0,0.039,0.02,53.0,8.0,0.0
lemon juice,109.0,0.018,0.7,0.1,9.0,5.1,0.0,9.0,0.0,24.0,0.18,5.62,0.021,0.19,0.07,0.0,0.45,0.23,0.037,2.0,0.06,10.0,0.027,0.017,14.3,7.0,0.1
lentil,292.0,0.153,3.4,1.5,78.0,19.1,0.0,62.0,0.0,383.0,0.79,12.3,0.07,0.59,5.61,0.01,3.67,1.09,0.13,36.0,1.44,25.0,1.3,0.058,7.4,23.0,9.4
lettuce,168.0,0.027,1.2,0.4,24.0,10.2,0.0,34.0,0.0,19.0,0.249,2.92,0.056,0.16,0.14,0.0,1.13,0.2,0.066,198.0,0.64,27.0,0.019,0.053,6.0,10.0,75.2
lima bean,472.0,0.218,6.5,4.2,103.0,30.2,0.0,73.0,0.0,218.0,0.372,19.4,0.142,0.88,6.86,0.0,7.25,0.93,0.142,0.0,2.23,16.0,0.972,0.049,0.0,40.0,9.5
lime,153.0,0.195,1.3,19.4,156.0,149.0,1.2,25.0,226.0,87.0,0.197,39.8,0.091,1.35,14.6,0.43,8.82,0.84,0.129,98.0,1.41,46.0,2.65,0.289,5.0,23.0,0.7
lime juice,75.0,0.03,0.4,0.1,10.0,5.1,0.0,8.0,0.0,16.0,0.163,6.69,0.033,0.06,0.23,0.0,0.25,0.12,0.027,1.0,0.23,12.0,0.026,0.003,6.4,7.0,0.5
liqueur,0.0,0.08,0.0,0.4,0.0,0.0,0.0,0.0,0.0,5.0,0.003,41.6,0.0,0.04,0.3,0.0,0.0,0.0,0.0,0.0,0.07,0.0,0.014,0.0,0.0,0.0,0.0
lobster,202.0,0.724,0.1,39.8,166.0,79.0,1.0,17.0,171.0,476.0,1.01,4.14,0.042,2.19,20.1,0.8,11.6,0.83,0.092,147.0,0.39,111.0,11.0,0.167,0.3,26.0,1.7
lychee,171.0,0.148,1.3,0.6,31.0,7.1,0.0,14.0,0.0,1.0,0.603,16.5,0.011,0.07,0.44,0.0,0.83,0.07,0.1,0.0,0.31,5.0,0.099,0.065,71.5,10.0,0.4
macadamia nut,363.0,0.57,8.0,11.7,198.0,44.6,0.0,10.0,0.0,353.0,2.27,12.8,0.71,1.29,76.1,0.0,7.79,0.57,0.359,0.0,2.65,70.0,11.9,0.087,0.7,118.0,0.0
mango,168.0,0.111,1.6,0.6,14.0,7.6,0.0,43.0,0.0,1.0,0.669,15.0,0.028,0.09,0.38,0.0,0.82,0.9,0.119,54.0,0.16,11.0,0.092,0.038,36.4,10.0,4.2
maple syrup,6.0,0.045,0.0,0.4,10.0,0.0,0.0,0.0,0.0,61.0,0.003,69.6,0.005,0.23,0.1,0.0,0.0,0.0,0.0,0.0,0.07,5.0,0.018,0.017,0.0,2.0,0.0
marsala,286.0,0.125,0.4,10.0,153.0,64.8,0.0,27.0,68.0,144.0,6.34,6.52,0.088,1.83,8.56,0.66,16.7,0.65,0.191,39.0,1.07,9.0,3.91,0.261,1.4,21.0,19.6
marshmallow,5.0,0.097,0.1,1.7,8.0,0.1,0.0,1.0,0.0,80.0,0.078,81.3,0.001,0.04,0.2,0.0,1.8,0.0,0.003,0.0,0.23,3.0,0.056,0.001,0.0,2.0,0.0
martini,13.0,0.02,0.0,0.0,5.0,0.7,0.0,0.0,0.0,2.0,0.025,0.15,0.005,0.04,0.0,0.0,0.07,0.0,0.004,0.0,0.09,1.0,0.0,0.005,0.0,1.0,0.0
mayonnaise,20.0,0.019,0.0,2.3,21.0,34.2,0.2,5.0,42.0,635.0,0.0,0.57,0.01,0.15,74.8,0.12,0.96,3.28,0.008,16.0,0.21,8.0,11.7,0.019,0.0,1.0,163.0
meat,274.0,0.072,0.4,16.9,170.0,66.7,0.3,23.0,75.0,419.0,3.74,7.19,0.083,3.82,11.0,1.65,17.5,0.17,0.277,21.0,2.05,65.0,4.12,0.182,0.6,20.0,1.1
meatball,180.0,0.706,4.6,0.8,344.0,88.4,0.0,78.0,0.0,550.0,2.5,8.0,0.938,1.8,9.0,1.5,21.0,1.73,0.2,0.0,2.16,25.0,1.42,0.213,0.0,18.0,0.0
melon,182.0,0.06,0.9,0.4,5.0,7.6,0.0,8.0,0.0,9.0,0.232,6.58,0.015,0.07,0.1,0.0,1.11,0.05,0.163,0.0,0.34,11.0,0.025,0.031,21.8,11.0,2.5
milk,150.0,0.001,0.0,1.9,101.0,17.8,1.1,0.0,12.0,38.0,0.105,4.67,0.056,0.41,3.2,0.54,3.28,0.05,0.061,32.0,0.0,123.0,1.86,0.138,0.0,12.0,0.3
mint,1.0,0.017,0.0,0.0,3.0,0.0,0.0,0.0,0.0,4.0,0.009,5.75,0.004,0.05,0.01,0.0,0.0,0.0,0.001,0.0,0.03,0.0,0.0,0.004,0.0,0.0,0.0
molasses,1460.0,0.487,0.0,17.8,31.0,13.3,0.0,0.0,0.0,37.0,0.93,74.7,0.041,0.29,0.1,0.0,0.0,0.0,0.67,0.0,4.72,205.0,0.018,0.002,0.0,242.0,0.0
mozzarella,116.0,0.035,0.0,26.7,533.0,13.5,0.4,26.0,65.0,699.0,0.101,4.44,0.023,3.62,20.4,1.65,23.7,0.51,0.09,203.0,0.2,693.0,11.7,0.36,0.0,27.0,1.3
muffin,157.0,0.063,0.9,12.2,111.0,31.7,0.5,59.0,39.0,292.0,1.47,42.4,0.179,0.48,12.9,0.15,4.93,1.46,0.078,32.0,1.69,137.0,2.18,0.209,3.0,15.0,14.3
mushroom,186.0,0.197,1.3,13.6,80.0,18.7,0.1,78.0,10.0,317.0,3.19,21.3,0.247,0.5,12.8,0.06,4.6,1.45,0.064,4.0,1.54,25.0,1.82,0.317,0.8,11.0,14.4
mussel,320.0,0.094,0.0,44.8,197.0,65.0,0.0,42.0,28.0,286.0,1.6,3.69,0.16,1.6,2.24,12.0,11.9,0.55,0.05,48.0,3.95,26.0,0.425,0.21,8.0,34.0,0.1
mustard,150.0,0.074,4.3,34.0,108.0,22.4,0.0,7.0,0.0,1100.0,0.561,5.3,0.189,0.64,3.38,0.0,4.25,0.35,0.069,4.0,1.59,63.0,0.252,0.066,0.4,48.0,1.5
mustard greens,384.0,0.165,3.2,0.9,58.0,0.5,0.0,12.0,0.0,20.0,0.8,4.67,0.08,0.25,0.42,0.0,2.86,2.01,0.18,151.0,1.64,115.0,0.01,0.11,70.0,32.0,258.0
nectarine,131.0,0.082,1.5,0.0,26.0,6.2,0.0,6.0,0.0,13.0,1.12,9.18,0.034,0.21,0.28,0.0,1.06,0.61,0.025,21.0,0.3,2.0,0.0,0.027,2.9,9.0,2.0
noodle,38.0,0.097,1.2,23.8,76.0,25.5,0.1,137.0,29.0,236.0,2.06,25.0,0.287,0.65,2.06,0.09,4.51,0.17,0.046,6.0,1.46,12.0,0.417,0.135,0.0,21.0,0.0
nut,659.0,1.74,7.5,1920.0,725.0,28.8,0.0,22.0,0.0,3.0,0.295,11.7,0.617,4.06,67.1,0.0,14.3,5.65,0.101,0.0,2.43,160.0,16.1,0.035,0.7,376.0,0.0
oat,362.0,0.391,10.1,28.9,410.0,40.4,0.0,32.0,0.0,6.0,1.12,67.7,0.46,3.64,6.52,0.0,13.2,0.42,0.1,0.0,4.25,52.0,1.11,0.155,0.0,138.0,2.0
oatmeal,142.0,0.209,4.0,24.6,126.0,18.7,0.0,87.0,0.0,447.0,3.14,48.5,0.399,1.02,4.4,0.03,8.4,0.48,0.068,5.0,2.7,66.0,0.703,0.24,0.0,37.0,1.5
octopus,1330.0,1.65,0.0,170.0,705.0,246.0,0.0,58.0,182.0,1310.0,7.56,8.34,0.102,6.37,3.94,72.0,56.5,4.55,1.3,145.0,20.1,201.0,0.861,0.121,18.0,114.0,0.4
okra,105.0,0.075,1.6,9.5,53.0,14.8,0.1,109.0,10.0,316.0,1.8,22.1,0.241,0.44,12.7,0.04,3.76,1.56,0.033,10.0,1.5,52.0,1.82,0.173,3.6,22.0,32.5
olive,17.0,0.162,1.8,0.7,3.0,9.5,0.0,1.0,0.0,835.0,0.09,4.17,0.008,0.12,30.0,0.0,0.73,4.84,0.014,14.0,3.4,60.0,4.51,0.002,0.4,5.0,13.2
omelet,278.0,0.071,1.6,0.1,30.0,7.4,0.0,14.0,0.0,6.0,0.637,5.48,0.045,0.21,0.23,0.0,1.11,0.6,0.104,43.0,0.33,14.0,0.038,0.024,18.2,13.0,8.8
onion,146.0,0.039,1.7,0.5,29.0,6.1,0.0,19.0,0.0,4.0,0.116,9.34,0.046,0.17,0.1,0.0,1.1,0.02,0.12,0.0,0.21,23.0,0.042,0.027,7.4,10.0,0.4
orange,181.0,0.045,2.4,0.5,14.0,8.4,0.0,30.0,0.0,0.0,0.282,11.8,0.087,0.07,0.12,0.0,0.94,0.18,0.06,11.0,0.1,40.0,0.015,0.04,53.2,10.0,0.0
orange juice,178.0,0.042,0.3,0.1,28.0,6.2,0.4,19.0,0.0,2.0,0.28,11.4,0.046,0.07,0.12,0.0,0.68,0.2,0.076,2.0,0.13,56.0,0.014,0.039,33.6,11.0,0.0
oyster,136.0,0.726,1.2,12.6,67.0,24.2,0.4,46.0,10.0,510.0,1.84,18.4,0.148,10.0,10.8,1.95,4.96,1.34,0.071,100.0,2.44,96.0,2.14,0.113,1.8,18.0,32.5
pancake,62.0,0.123,0.7,8.6,62.0,3.3,0.0,154.0,0.0,5.0,2.38,45.4,0.262,0.62,0.38,0.0,4.05,0.06,0.088,0.0,2.32,17.0,0.102,0.025,0.0,15.0,0.1
papaya,31.0,0.013,0.6,0.3,0.0,2.0,0.0,2.0,0.0,5.0,0.15,14.5,0.006,0.15,0.15,0.0,0.17,0.24,0.009,18.0,0.34,10.0,0.047,0.004,3.0,3.0,0.8
parmesan,184.0,0.04,0.0,35.0,634.0,14.1,0.5,6.0,87.0,1750.0,0.078,12.4,0.027,4.33,28.0,1.35,29.6,0.51,0.081,228.0,0.45,884.0,15.5,0.345,0.0,35.0,1.7
parsley,554.0,0.149,3.3,0.1,58.0,12.8,0.0,152.0,0.0,56.0,1.31,6.33,0.086,1.07,0.79,0.0,2.97,0.75,0.09,421.0,6.2,138.0,0.132,0.098,133.0,50.0,1640.0
parsnip,356.0,0.134,3.5,1.7,67.0,26.4,0.0,56.0,2.0,132.0,0.701,16.5,0.08,0.25,2.83,0.0,1.29,1.26,0.106,11.0,0.56,36.0,0.769,0.05,12.6,28.0,3.3
passion fruit,112.0,0.026,0.1,0.1,5.0,1.6,0.0,3.0,0.0,4.0,0.584,17.4,0.0,0.02,0.06,0.0,0.16,0.0,0.02,14.0,0.1,3.0,0.002,0.055,11.9,7.0,0.2
pasta,44.0,0.099,1.8,26.2,58.0,6.4,0.0,118.0,0.0,232.0,1.68,30.7,0.272,0.51,0.92,0.0,5.76,0.06,0.049,0.0,1.27,7.0,0.175,0.135,0.0,18.0,0.0
pea,118.0,0.066,2.7,1.0,50.0,21.8,0.0,38.0,8.0,251.0,0.862,10.6,0.154,0.41,14.0,0.02,3.01,0.79,0.088,72.0,0.89,27.0,2.2,0.07,12.6,14.0,52.0
peach,122.0,0.078,1.5,2.1,22.0,6.1,0.0,6.0,0.0,13.0,0.806,10.1,0.024,0.23,0.27,0.0,0.91,0.73,0.025,24.0,0.34,4.0,0.019,0.031,4.1,8.0,3.0
peanut,407.0,0.774,4.1,4.7,308.0,29.4,0.0,75.0,0.0,156.0,7.92,47.4,0.1,3.94,33.7,0.0,15.5,4.1,0.153,0.0,0.97,78.0,4.68,0.14,0.0,110.0,0.0
peanut butter,564.0,0.42,4.8,4.1,339.0,63.0,0.0,86.0,0.0,429.0,13.3,22.3,0.138,2.54,51.1,0.0,22.5,9.11,0.444,0.0,1.73,49.0,10.1,0.191,0.0,169.0,0.3
pear,116.0,0.082,3.1,0.1,12.0,5.1,0.0,7.0,0.0,1.0,0.161,15.2,0.012,0.1,0.14,0.0,0.36,0.12,0.029,1.0,0.18,9.0,0.022,0.026,4.3,7.0,4.4
pecan,99.0,0.184,2.1,7.0,83.0,49.5,0.1,43.0,42.0,275.0,1.31,59.6,0.204,0.87,16.7,0.12,4.5,0.8,0.038,51.0,0.93,22.0,2.65,0.078,0.0,22.0,15.5
pepper,202.0,0.065,0.7,11.7,89.0,46.0,0.0,13.0,32.0,244.0,2.26,4.42,0.054,1.96,9.12,0.61,11.9,1.01,0.256,9.0,1.24,17.0,2.03,0.083,23.0,16.0,20.5
persimmon,429.0,0.303,9.6,1.9,45.0,20.2,0.0,11.0,0.0,3.0,0.239,96.1,0.056,0.3,0.66,0.0,1.54,1.94,0.239,108.0,0.42,22.0,0.053,0.057,4.0,24.0,6.9
pine nut,597.0,1.32,3.7,0.7,575.0,55.8,0.0,34.0,0.0,2.0,4.39,13.1,0.364,6.45,68.4,0.0,13.7,9.33,0.094,1.0,5.53,16.0,4.9,0.227,0.8,251.0,53.9
pineapple,109.0,0.11,1.4,0.1,8.0,5.5,0.0,18.0,0.0,1.0,0.5,13.1,0.079,0.12,0.12,0.0,0.54,0.02,0.112,3.0,0.29,13.0,0.009,0.032,47.8,12.0,0.7
pistachio,1010.0,1.29,10.3,10.0,469.0,71.4,0.0,51.0,0.0,6.0,1.37,28.3,0.695,2.34,45.8,0.0,21.0,2.17,1.12,13.0,4.03,107.0,5.64,0.234,3.0,109.0,13.2
pizza,119.0,0.115,1.7,1.5,47.0,9.7,0.0,36.0,3.0,130.0,1.08,32.3,0.062,0.42,7.56,0.0,1.87,0.89,0.045,15.0,0.9,21.0,1.92,0.084,23.8,13.0,13.3
plantain,786.0,0.198,3.5,0.4,78.0,0.0,0.0,35.0,0.0,202.0,0.802,63.8,0.065,0.37,29.6,0.0,2.28,5.04,0.46,69.0,0.97,9.0,8.34,0.04,32.1,71.0,28.6
plum,106.0,0.041,1.0,0.0,12.0,1.4,0.0,2.0,0.0,1.0,0.281,13.5,0.017,0.08,0.23,0.0,0.52,0.2,0.021,11.0,0.13,5.0,0.013,0.019,5.7,5.0,4.8
poblano,175.0,0.066,1.7,0.0,20.0,5.5,0.0,10.0,0.0,3.0,0.48,4.64,0.057,0.13,0.17,0.0,0.86,0.37,0.224,18.0,0.34,10.0,0.058,0.028,80.4,10.0,7.4
pomegranate,236.0,0.158,4.0,0.5,36.0,7.6,0.0,38.0,0.0,3.0,0.293,18.7,0.067,0.35,1.17,0.0,1.67,0.6,0.075,0.0,0.3,10.0,0.12,0.053,10.2,12.0,16.4
pomegranate juice,214.0,0.021,0.1,0.3,11.0,4.8,0.0,24.0,0.0,9.0,0.233,13.1,0.015,0.09,0.29,0.0,0.15,0.38,0.04,0.0,0.1,11.0,0.077,0.015,0.1,7.0,10.4
poppy,61.0,0.035,0.3,1.2,49.0,6.0,0.1,3.0,15.0,933.0,0.047,23.7,0.024,0.25,33.3,0.09,0.92,2.36,0.022,51.0,0.25,59.0,6.06,0.058,0.3,9.0,50.2
pork,231.0,0.171,4.4,4.8,88.0,22.3,0.0,8.0,7.0,391.0,0.304,21.6,0.033,0.51,0.89,0.0,4.52,0.04,0.05,1.0,1.4,39.0,0.231,0.015,0.0,30.0,0.4
pork chop,459.0,0.068,0.0,47.7,276.0,74.6,0.5,0.0,84.0,514.0,8.2,0.0,0.565,1.92,10.5,0.64,27.7,0.2,0.558,1.0,0.5,8.0,3.27,0.249,0.0,31.0,0.0
pork rib,107.0,0.096,0.0,17.2,121.0,48.9,0.1,3.0,69.0,374.0,3.29,0.0,0.04,2.7,18.0,0.14,19.4,0.27,0.099,48.0,2.28,27.0,4.96,0.246,0.0,13.0,3.9
pork tenderloin,536.0,0.123,0.0,43.9,323.0,104.0,0.3,0.0,72.0,593.0,6.84,0.0,0.765,2.34,4.33,0.62,26.9,0.28,0.647,0.0,0.98,6.0,1.44,0.442,0.0,31.0,0.0
potato,219.0,0.028,1.5,7.1,79.0,48.5,0.4,21.0,68.0,221.0,0.965,13.4,0.096,0.45,11.2,0.26,3.89,1.1,0.108,61.0,0.72,34.0,3.12,0.151,0.5,13.0,9.1
potato salad,308.0,0.171,1.3,1.1,44.0,16.8,0.0,8.0,6.0,361.0,1.08,17.3,0.085,0.26,11.4,0.02,1.73,0.54,0.235,3.0,0.34,7.0,1.79,0.021,10.0,20.0,26.2
poultry,42.0,0.019,0.1,0.4,20.0,3.7,0.0,2.0,5.0,389.0,0.285,5.29,0.024,0.08,2.62,0.0,0.71,0.1,0.025,1.0,0.09,10.0,0.639,0.053,0.0,3.0,0.6
poultry sausage,42.0,0.019,0.1,0.4,20.0,3.7,0.0,2.0,5.0,389.0,0.285,5.29,0.024,0.08,2.62,0.0,0.71,0.1,0.025,1.0,0.09,10.0,0.639,0.053,0.0,3.0,0.6
pressure cooker,242.0,0.033,0.0,11.3,875.0,36.2,0.4,7.0,55.0,1620.0,0.131,8.73,0.048,2.59,21.2,0.4,16.4,0.19,0.117,173.0,0.33,562.0,13.3,0.431,0.0,29.0,1.8
prosciutto,510.0,0.108,0.0,25.8,318.0,106.0,0.9,5.0,70.0,2700.0,3.88,0.3,0.567,2.81,8.32,0.88,27.8,0.28,0.42,0.0,1.11,10.0,2.78,0.242,0.0,25.0,0.0
prune,732.0,0.281,7.1,0.3,69.0,10.1,0.0,4.0,0.0,2.0,1.88,63.9,0.051,0.44,0.38,0.0,2.18,0.43,0.205,39.0,0.93,43.0,0.088,0.186,0.6,41.0,59.5
pumpkin,146.0,0.076,1.4,12.1,109.0,31.4,0.5,56.0,38.0,286.0,1.44,43.0,0.173,0.45,12.7,0.14,4.85,1.67,0.055,207.0,1.92,137.0,2.16,0.198,0.8,17.0,16.9
quail,215.0,0.59,0.0,21.7,278.0,65.6,0.2,6.0,86.0,214.0,7.89,0.0,0.219,3.09,14.0,0.36,25.0,0.7,0.617,70.0,4.41,15.0,3.94,0.299,2.3,22.0,4.2
quiche,243.0,0.079,1.2,14.2,199.0,57.7,0.9,55.0,123.0,313.0,0.77,11.6,0.079,1.43,23.5,0.5,10.6,1.22,0.108,325.0,1.57,243.0,12.7,0.271,4.0,35.0,131.0
quinoa,164.0,0.182,2.7,2.7,145.0,22.3,0.2,40.0,0.0,188.0,0.391,20.2,0.102,1.03,4.75,0.0,4.18,1.63,0.3,40.0,1.41,17.0,0.812,0.105,0.0,61.0,5.0
rabbit,342.0,0.175,0.0,15.1,239.0,129.0,0.0,8.0,122.0,207.0,6.37,0.0,0.02,2.37,3.5,6.48,32.9,0.41,0.339,0.0,4.83,18.0,1.05,0.07,0.0,31.0,1.5
rack of lamb,255.0,0.122,0.0,30.3,165.0,109.0,0.1,17.0,105.0,394.0,5.42,0.0,0.05,7.63,13.4,2.26,28.1,0.18,0.099,0.0,2.12,20.0,5.58,0.188,0.0,22.0,4.3
radicchio,302.0,0.341,0.9,0.9,40.0,10.9,0.0,60.0,0.0,22.0,0.255,4.48,0.016,0.62,0.25,0.0,1.43,2.26,0.057,1.0,0.57,19.0,0.06,0.028,8.0,13.0,255.0
radish,233.0,0.05,1.6,0.6,20.0,6.5,0.0,25.0,0.0,39.0,0.254,3.4,0.012,0.28,0.1,0.0,0.68,0.0,0.071,0.0,0.34,25.0,0.032,0.039,14.8,10.0,1.3
raisin,744.0,0.272,4.5,0.6,98.0,11.1,0.0,5.0,0.0,26.0,0.766,79.3,0.106,0.36,0.25,0.0,3.3,0.12,0.174,0.0,1.79,62.0,0.094,0.125,2.3,36.0,3.5
raspberry,151.0,0.09,6.5,0.2,29.0,12.3,0.0,21.0,0.0,1.0,0.598,11.9,0.032,0.42,0.65,0.0,1.2,0.87,0.055,2.0,0.69,25.0,0.019,0.038,26.2,22.0,7.8
red wine,127.0,0.011,0.0,0.2,23.0,5.7,0.0,1.0,0.0,4.0,0.224,2.61,0.005,0.14,0.0,0.0,0.07,0.0,0.057,0.0,0.46,8.0,0.0,0.031,0.0,12.0,0.4
rhubarb,233.0,0.018,1.6,1.1,13.0,5.5,0.0,4.0,0.0,4.0,0.242,17.4,0.014,0.09,0.22,0.0,0.81,0.24,0.02,4.0,0.2,73.0,0.047,0.028,5.7,11.0,26.3
rice,86.0,0.098,0.6,10.3,63.0,17.5,0.0,83.0,53.0,316.0,1.74,17.3,0.124,0.78,2.25,1.07,5.13,0.29,0.105,208.0,1.78,15.0,0.408,0.168,4.9,9.0,3.1
ricotta,178.0,0.017,0.0,11.1,172.0,16.9,0.2,8.0,40.0,102.0,0.123,6.0,0.032,0.95,9.46,0.54,9.6,0.17,0.06,117.0,0.27,248.0,5.95,0.256,0.0,17.0,0.6
rum,2.0,0.021,0.0,0.0,4.0,0.0,0.0,0.0,0.0,1.0,0.013,0.0,0.006,0.04,0.0,0.0,0.0,0.0,0.001,0.0,0.04,0.0,0.0,0.004,0.0,0.0,0.0
rutabaga,318.0,0.033,2.4,0.7,55.0,14.9,0.0,19.0,2.0,144.0,0.693,8.98,0.084,0.25,2.89,0.0,1.13,0.63,0.111,12.0,0.46,45.0,0.803,0.04,22.1,21.0,2.8
rye,166.0,0.186,5.8,30.9,125.0,14.6,0.0,151.0,0.0,603.0,3.8,48.3,0.434,1.14,3.3,0.0,8.5,0.33,0.075,0.0,2.83,73.0,0.626,0.335,0.4,40.0,1.2
sake,25.0,0.009,0.0,1.4,6.0,0.0,0.0,0.0,0.0,2.0,0.0,5.0,0.0,0.02,0.0,0.0,0.5,0.0,0.0,0.0,0.1,5.0,0.0,0.0,0.0,6.0,0.0
salad,64.0,0.019,0.0,3.5,186.0,32.8,0.1,4.0,26.0,901.0,0.054,5.9,0.015,0.17,44.5,0.17,1.32,2.22,0.03,15.0,0.3,28.0,6.96,0.087,0.0,5.0,134.0
salmon,270.0,0.063,1.0,11.7,135.0,34.9,4.8,20.0,19.0,145.0,2.62,3.31,0.035,0.4,1.86,1.54,7.55,0.53,0.158,30.0,0.51,88.0,0.321,0.084,8.9,18.0,23.1
salsa,259.0,0.081,1.9,0.8,41.0,7.9,0.0,8.0,0.0,906.0,1.62,6.36,0.046,0.25,0.89,0.0,1.13,0.43,0.083,11.0,0.65,9.0,0.0,0.036,12.3,19.0,13.6
sangria,39.0,0.014,0.0,0.1,9.0,2.3,0.0,1.0,0.0,11.0,0.059,8.26,0.003,0.1,0.04,0.0,0.04,0.0,0.026,0.0,0.15,6.0,0.002,0.008,0.3,6.0,0.2
sardine,273.0,0.158,1.0,39.6,322.0,48.2,2.7,82.0,79.0,383.0,5.03,21.9,0.27,1.12,7.96,4.97,17.9,1.23,0.134,18.0,3.12,306.0,1.21,0.233,0.0,34.0,1.5
sausage,351.0,0.053,0.0,11.6,154.0,29.7,0.7,3.0,57.0,1010.0,2.32,4.29,0.03,1.93,26.1,1.19,10.9,0.56,0.157,19.0,1.29,21.0,10.5,0.065,15.2,13.0,2.4
scallop,253.0,0.091,1.9,3.4,48.0,8.9,0.0,27.0,11.0,216.0,1.28,14.1,0.137,0.36,4.92,0.05,2.7,0.59,0.096,68.0,0.89,37.0,2.7,0.068,12.2,17.0,8.1
scotch,2.0,0.021,0.0,0.0,4.0,0.0,0.0,0.0,0.0,1.0,0.013,0.0,0.006,0.04,0.0,0.0,0.0,0.0,0.001,0.0,0.04,0.0,0.0,0.004,0.0,0.0,0.0
seafood,112.0,0.078,0.8,11.2,87.0,23.6,0.0,49.0,25.0,609.0,2.28,16.4,0.127,0.69,4.77,1.24,8.03,0.72,0.108,25.0,1.21,18.0,0.96,0.083,9.8,14.0,3.9
semolina,123.0,0.037,0.5,7.6,95.0,7.6,0.1,40.0,3.0,83.0,1.01,44.1,0.131,0.5,8.46,0.15,4.15,0.52,0.026,13.0,0.94,113.0,2.36,0.179,0.2,12.0,4.0
sesame,157.0,0.0,1.0,1.6,37.0,4.0,0.0,0.0,0.0,1000.0,0.0,8.6,0.0,0.1,45.2,0.0,3.1,5.0,0.0,2.0,0.6,19.0,6.2,0.0,0.0,0.0,56.0
sesame oil,0.0,0.0,0.0,0.0,0.0,0.2,0.0,0.0,0.0,0.0,0.0,0.0,0.0,0.0,100.0,0.0,0.0,1.4,0.0,0.0,0.0,0.0,14.2,0.0,0.0,0.0,13.6
shellfish,179.0,0.117,1.1,21.0,100.0,36.4,0.1,79.0,36.0,239.0,1.69,15.7,0.167,0.62,5.04,1.67,6.58,1.24,0.077,29.0,1.34,23.0,0.793,0.101,2.2,22.0,5.2
sherry,92.0,0.045,0.0,0.5,9.0,5.0,0.0,0.0,0.0,9.0,0.213,13.7,0.018,0.07,0.0,0.0,0.2,0.0,0.0,0.0,0.24,8.0,0.0,0.018,0.0,9.0,0.0
shrimp,218.0,0.207,0.6,33.1,210.0,92.4,0.1,22.0,138.0,509.0,2.04,10.8,0.028,1.2,1.48,1.09,15.4,1.81,0.186,65.0,0.5,69.0,0.341,0.032,4.0,30.0,1.8
snapper,165.0,0.067,0.8,3.5,53.0,17.1,0.0,11.0,9.0,262.0,0.957,3.71,0.043,0.28,0.95,0.21,4.75,0.25,0.071,36.0,0.58,31.0,0.196,0.055,4.0,11.0,15.4
sorbet,28.0,0.007,0.5,0.2,3.0,4.0,0.0,3.0,0.0,13.0,0.082,27.1,0.006,0.04,0.05,0.0,0.79,0.0,0.013,0.0,0.17,3.0,0.0,0.009,5.2,2.0,0.4
soup,285.0,0.071,0.8,0.9,61.0,13.7,0.3,54.0,2.0,182.0,0.923,2.88,0.042,0.36,0.98,0.17,2.92,0.74,0.086,177.0,1.09,73.0,0.429,0.117,7.7,32.0,180.0
sour cream,161.0,0.058,0.0,2.5,45.0,0.0,0.0,0.0,0.0,102.0,0.0,6.63,0.0,1.18,19.5,0.0,2.4,0.74,0.0,0.0,0.39,3.0,17.8,0.0,0.0,6.0,4.8
soy,7.0,2.46,3.5,12.1,7.0,111.0,0.0,240.0,0.0,842.0,2.98,53.2,0.333,1.5,7.35,0.0,26.5,1.01,0.513,0.0,5.2,171.0,1.1,0.349,0.0,170.0,11.9
soy sauce,435.0,0.043,0.8,0.5,166.0,18.3,0.0,14.0,0.0,5490.0,2.2,4.93,0.033,0.87,0.57,0.0,8.14,0.0,0.148,0.0,1.45,33.0,0.073,0.165,0.0,74.0,0.0
sparkling wine,25.0,0.009,0.0,1.4,6.0,0.0,0.0,0.0,0.0,2.0,0.0,5.0,0.0,0.02,0.0,0.0,0.5,0.0,0.0,0.0,0.1,5.0,0.0,0.0,0.0,6.0,0.0
spinach,285.0,0.071,0.8,0.9,61.0,13.7,0.3,54.0,2.0,182.0,0.923,2.88,0.042,0.36,0.98,0.17,2.92,0.74,0.086,177.0,1.09,73.0,0.429,0.117,7.7,32.0,180.0
squid,226.0,2.06,0.0,51.5,203.0,74.7,0.0,4.0,268.0,312.0,2.0,3.54,0.018,1.76,1.59,1.12,17.9,1.38,0.048,10.0,0.74,37.0,0.411,0.379,3.8,34.0,0.0
steak,202.0,0.065,0.7,11.7,89.0,46.0,0.0,13.0,32.0,244.0,2.26,4.42,0.054,1.96,9.12,0.61,11.9,1.01,0.256,9.0,1.24,17.0,2.03,0.083,23.0,16.0,20.5
strawberry,153.0,0.048,2.0,0.4,24.0,5.7,0.0,24.0,0.0,1.0,0.386,7.68,0.024,0.14,0.3,0.0,0.67,0.29,0.047,1.0,0.41,16.0,0.015,0.022,58.8,13.0,2.2
sweet potato,143.0,0.128,1.7,21.6,80.0,10.2,0.2,120.0,3.0,475.0,3.95,45.2,0.408,0.59,2.84,0.05,7.41,0.48,0.067,85.0,2.53,34.0,0.998,0.296,4.1,20.0,1.1
swiss cheese,71.0,0.047,0.0,30.1,574.0,13.8,0.0,9.0,93.0,185.0,0.06,1.44,0.011,4.37,31.0,3.02,27.0,0.6,0.07,292.0,0.13,890.0,18.2,0.303,0.0,33.0,1.4
swordfish,397.0,0.075,0.6,55.3,259.0,80.9,12.1,19.0,91.0,400.0,7.44,9.85,0.156,0.88,16.0,1.21,19.8,2.86,0.447,41.0,1.16,35.0,3.03,0.135,0.0,32.0,11.4
taco,115.0,0.068,0.5,0.4,21.0,0.0,0.0,2.0,0.0,570.0,0.16,0.72,0.029,0.14,0.68,0.0,1.16,0.01,0.139,74.0,1.04,11.0,0.095,0.076,4.0,11.0,0.2
tamarind,628.0,0.086,5.1,1.3,113.0,8.6,0.0,14.0,0.0,28.0,1.94,62.5,0.428,0.1,0.6,0.0,2.8,0.1,0.066,2.0,2.8,74.0,0.272,0.152,3.5,92.0,2.8
tangerine,166.0,0.042,1.8,0.1,20.0,10.2,0.0,16.0,0.0,2.0,0.376,13.3,0.058,0.07,0.31,0.0,0.81,0.2,0.078,34.0,0.15,37.0,0.039,0.036,26.7,12.0,0.0
tapioca,92.0,0.018,0.0,0.0,60.0,6.2,0.0,3.0,1.0,145.0,0.065,21.7,0.024,0.22,3.88,0.21,1.95,0.15,0.024,0.0,0.11,71.0,0.962,0.097,0.3,6.0,0.4
tea,9.0,0.015,0.0,0.0,0.0,0.4,0.0,1.0,0.0,1.0,0.0,0.2,0.01,0.04,0.0,0.0,0.0,0.0,0.0,0.0,0.08,2.0,0.002,0.004,0.0,1.0,0.0
tequila,2.0,0.021,0.0,0.0,4.0,0.0,0.0,0.0,0.0,1.0,0.013,0.0,0.006,0.04,0.0,0.0,0.0,0.0,0.001,0.0,0.04,0.0,0.0,0.004,0.0,0.0,0.0
tilapia,323.0,0.094,0.0,52.6,192.0,53.4,3.9,24.0,63.0,381.0,4.17,0.0,0.041,0.42,2.14,1.69,25.2,0.5,0.163,0.0,0.7,13.0,0.736,0.071,0.0,31.0,1.8
tofu,123.0,0.103,0.8,6.3,79.0,28.0,0.6,32.0,19.0,169.0,0.666,22.1,0.047,0.52,12.1,0.06,4.78,1.24,0.059,102.0,1.06,71.0,2.28,0.084,10.2,20.0,12.9
tomatillo,259.0,0.081,1.9,0.8,41.0,7.9,0.0,8.0,0.0,906.0,1.62,6.36,0.046,0.25,0.89,0.0,1.13,0.43,0.083,11.0,0.65,9.0,0.0,0.036,12.3,19.0,13.6
tomato,454.0,0.175,6.1,0.4,49.0,13.3,0.0,74.0,0.0,317.0,1.6,8.09,0.063,0.59,13.1,0.0,1.87,1.89,0.237,10.0,0.52,12.0,1.9,0.118,10.5,27.0,19.3
tortillas,186.0,0.154,6.3,6.1,314.0,13.3,0.0,5.0,0.0,45.0,1.5,44.6,0.094,1.31,2.85,0.0,5.7,0.28,0.219,0.0,1.23,81.0,0.453,0.065,0.0,72.0,0.0
trout,671.0,0.082,0.0,42.0,402.0,116.0,28.3,18.0,105.0,607.0,9.41,0.0,0.192,0.8,11.0,6.88,35.5,4.16,0.544,134.0,0.55,45.0,2.46,0.152,4.1,44.0,0.2
tuna,185.0,0.067,0.4,52.6,221.0,68.0,4.6,30.0,84.0,338.0,7.33,9.32,0.101,0.9,11.9,1.39,21.1,1.23,0.115,104.0,1.53,80.0,2.69,0.22,2.0,24.0,41.9
turkey,174.0,0.088,1.1,20.4,130.0,42.0,0.1,75.0,41.0,347.0,5.33,19.5,0.217,1.28,9.93,0.35,14.4,0.46,0.281,6.0,1.72,93.0,1.85,0.205,0.5,23.0,20.1
turnip,199.0,0.088,1.9,0.7,28.0,11.8,0.0,13.0,2.0,201.0,0.396,6.7,0.038,0.28,2.83,0.0,0.95,0.35,0.102,12.0,0.32,32.0,0.787,0.03,18.6,11.0,2.6
vanilla,49.0,0.004,0.0,1.7,30.0,5.3,0.0,1.0,15.0,47.0,0.038,82.2,0.014,0.15,5.45,0.08,1.05,0.14,0.009,46.0,0.02,38.0,3.38,0.074,0.0,3.0,0.5
veal,286.0,0.125,0.4,10.0,153.0,64.8,0.0,27.0,68.0,144.0,6.34,6.52,0.088,1.83,8.56,0.66,16.7,0.65,0.191,39.0,1.07,9.0,3.91,0.261,1.4,21.0,19.6
venison,231.0,0.204,0.0,12.4,188.0,94.5,0.0,8.0,80.0,345.0,5.26,1.58,0.114,6.04,3.53,2.13,25.5,0.55,0.342,0.0,3.52,7.0,1.75,0.473,0.0,20.0,1.2
vermouth,92.0,0.045,0.0,0.5,9.0,5.0,0.0,0.0,0.0,9.0,0.213,13.7,0.018,0.07,0.0,0.0,0.2,0.0,0.0,0.0,0.24,8.0,0.0,0.018,0.0,9.0,0.0
vinegar,73.0,0.008,0.0,0.1,8.0,0.0,0.0,0.0,0.0,5.0,0.0,0.93,0.0,0.04,0.0,0.0,0.0,0.0,0.0,0.0,0.2,7.0,0.0,0.0,0.0,5.0,0.0
vodka,2.0,0.021,0.0,0.0,4.0,0.0,0.0,0.0,0.0,1.0,0.013,0.0,0.006,0.04,0.0,0.0,0.0,0.0,0.001,0.0,0.04,0.0,0.0,0.004,0.0,0.0,0.0
waffle,260.0,0.171,2.9,11.3,371.0,55.5,0.9,69.0,65.0,521.0,1.47,48.6,0.247,1.26,22.6,0.54,9.1,1.9,0.154,86.0,2.0,248.0,7.9,0.329,0.0,35.0,15.4
walnut,0.0,0.0,0.0,0.0,0.0,0.4,0.0,0.0,0.0,0.0,0.0,0.0,0.0,0.0,100.0,0.0,0.0,0.4,0.0,0.0,0.0,0.0,9.1,0.0,0.0,0.0,15.0
wasabi,182.0,0.055,6.1,2.2,26.0,2.3,0.0,10.0,0.0,3390.0,0.16,46.1,0.05,0.61,10.9,0.0,2.23,3.91,0.05,0.0,0.5,41.0,2.03,0.07,0.0,21.0,3.5
watercress,344.0,0.08,0.5,0.9,63.0,9.6,0.0,7.0,2.0,174.0,0.198,1.35,0.084,0.12,2.83,0.0,2.4,1.36,0.145,170.0,0.21,125.0,0.803,0.119,31.3,22.0,263.0
watermelon,112.0,0.042,0.4,0.4,11.0,4.1,0.0,3.0,0.0,1.0,0.178,7.55,0.033,0.1,0.15,0.0,0.61,0.05,0.045,28.0,0.24,7.0,0.016,0.021,8.1,10.0,0.1
whiskey,2.0,0.021,0.0,0.0,4.0,0.0,0.0,0.0,0.0,1.0,0.013,0.0,0.006,0.04,0.0,0.0,0.0,0.0,0.001,0.0,0.04,0.0,0.0,0.004,0.0,0.0,0.0
white wine,71.0,0.004,0.0,0.1,18.0,4.3,0.0,1.0,0.0,5.0,0.108,2.6,0.005,0.12,0.0,0.0,0.07,0.0,0.05,0.0,0.27,9.0,0.0,0.015,0.0,10.0,0.4
whole wheat,165.0,0.175,4.1,28.7,142.0,9.8,0.0,108.0,0.0,439.0,3.37,48.9,0.403,1.1,1.53,0.0,10.2,0.32,0.147,0.0,2.76,105.0,0.0,0.209,0.0,51.0,1.5
wild rice,81.0,0.105,1.2,2.7,89.0,7.3,0.1,10.0,0.0,293.0,1.68,19.3,0.071,0.99,2.14,0.0,2.76,0.35,0.106,16.0,0.39,7.0,0.395,0.04,0.0,37.0,2.4
wine,25.0,0.009,0.0,1.4,6.0,0.0,0.0,0.0,0.0,2.0,0.0,5.0,0.0,0.02,0.0,0.0,0.5,0.0,0.0,0.0,0.1,5.0,0.0,0.0,0.0,6.0,0.0
yogurt,146.0,0.013,0.1,2.8,85.0,15.0,0.8,7.0,58.0,43.0,0.083,11.8,0.028,0.46,18.3,0.29,3.45,0.47,0.04,208.0,0.1,103.0,11.7,0.179,2.4,11.0,1.7
yuca,247.0,0.091,1.6,0.6,25.0,21.6,0.0,22.0,0.0,154.0,0.74,34.7,0.063,0.31,13.9,0.0,1.24,1.78,0.076,1.0,0.27,15.0,1.94,0.042,15.0,19.0,17.9
zucchini,157.0,0.063,0.9,12.2,111.0,31.7,0.5,59.0,39.0,292.0,1.47,42.4,0.179,0.48,12.9,0.15,4.93,1.46,0.078,32.0,1.69,137.0,2.18,0.209,3.0,15.0,14.3
